<environmentvariabledefinition schemaname="cr3f6_MC2TeamsSecret">
  <description default="App Registration Secret">
    <label description="App Registration Secret" languagecode="1033" />
  </description>
  <displayname default="MC2TeamsSecret">
    <label description="MC2TeamsSecret" languagecode="1033" />
  </displayname>
  <introducedversion>1.0.0.0</introducedversion>
  <iscustomizable>1</iscustomizable>
  <isrequired>0</isrequired>
  <secretstore>0</secretstore>
  <type>100000000</type>
</environmentvariabledefinition>