{"name":"6b2e1c1f-0256-49bb-9869-f572a9f6bba3","id":"/providers/Microsoft.Flow/flows/6b2e1c1f-0256-49bb-9869-f572a9f6bba3","type":"Microsoft.Flow/flows","properties":{"apiId":"/providers/Microsoft.PowerApps/apis/shared_logicflows","displayName":"Get M365 Service Messages","definition":{"metadata":{"workflowEntityId":null,"processAdvisorMetadata":null,"flowclientsuspensionreason":"None","flowclientsuspensiontime":null,"flowclientsuspensionreasondetails":null,"creator":{"id":"8ef215c0-ebbf-474c-a99d-b32634775a1f","type":"User","tenantId":"ac8a1c7d-f463-4ce3-9fa6-9643ab6c36bb"},"provisioningMethod":"FromDefinition","failureAlertSubscription":true,"clientLastModifiedTime":"2022-09-29T21:39:05.2408032Z"},"$schema":"https://schema.management.azure.com/providers/Microsoft.Logic/schemas/2016-06-01/workflowdefinition.json#","contentVersion":"1.0.0.0","parameters":{"$connections":{"defaultValue":{},"type":"Object"},"$authentication":{"defaultValue":{},"type":"SecureObject"},"TenantID (admin_TenantID)":{"defaultValue":"ac8a1c7d-f463-4ce3-9fa6-9643ab6c36bb","type":"String","metadata":{"schemaName":"admin_TenantID","description":"Azure Tenant ID"}}},"triggers":{"manual":{"metadata":{"operationMetadataId":"f3ba606e-8788-48a6-a1c3-852ac8a16194"},"type":"Request","kind":"Button","inputs":{"schema":{"type":"object","properties":{},"required":[]}}}},"actions":{"List_serviceAnnouncements_from_Graph":{"runAfter":{"Initialize_theTextSecret":["Succeeded"]},"metadata":{"operationMetadataId":"58ce2497-c4ac-4371-a56a-698cf417f1b8"},"type":"Http","inputs":{"method":"GET","uri":"https://graph.microsoft.com/v1.0/admin/serviceAnnouncement/messages","queries":{"$filter":"startDateTime ge @{variables('CurrentTime')}"},"authentication":{"type":"ActiveDirectoryOAuth","authority":"https://login.microsoftonline.com/","tenant":"@variables('TenantID')","audience":"https://graph.microsoft.com","clientId":"@variables('theAppID')","secret":"@variables('theTextSecret')"}}},"Parse_Response":{"runAfter":{"List_serviceAnnouncements_from_Graph":["Succeeded"]},"metadata":{"operationMetadataId":"0a520416-8ed4-44d6-95e0-16b1f21a82ba"},"type":"ParseJson","inputs":{"content":"@body('List_serviceAnnouncements_from_Graph')?['value']","schema":{"type":"array","items":{"type":"object","properties":{"startDateTime":{"type":"string"},"endDateTime":{"type":"string"},"lastModifiedDateTime":{"type":"string"},"title":{"type":"string"},"id":{"type":"string"},"category":{"type":"string"},"severity":{"type":"string"},"tags":{"type":"array","items":{"type":"string"}},"isMajorChange":{"type":"boolean"},"actionRequiredByDateTime":{},"services":{"type":"array","items":{"type":"string"}},"expiryDateTime":{},"viewPoint":{},"details":{"type":"array"},"body":{"type":"object","properties":{"contentType":{"type":"string"},"content":{"type":"string"}}}},"required":["startDateTime","endDateTime","lastModifiedDateTime","title","id","category","severity","tags","isMajorChange","actionRequiredByDateTime","services","expiryDateTime","viewPoint","details","body"]}}}},"Response_if_failed":{"runAfter":{"List_serviceAnnouncements_from_Graph":["Failed"]},"metadata":{"operationMetadataId":"fc83b3b9-9a23-45cd-826e-d904ea91b74d"},"type":"Response","kind":"Http","inputs":{"statusCode":200,"body":[]}},"Terminate":{"runAfter":{"Response_if_failed":["Succeeded"]},"metadata":{"operationMetadataId":"e3bc62c0-aace-4b99-96f4-e3ff6b3d5db7"},"type":"Terminate","inputs":{"runStatus":"Succeeded"}},"Initialize_theTextSecret":{"runAfter":{"Initialize_appID":["Succeeded"]},"metadata":{"operationMetadataId":"8b1e1654-f936-473c-95f8-fcd9869e2f72"},"type":"InitializeVariable","inputs":{"variables":[{"name":"theTextSecret","type":"string"}]}},"Initialize_appID":{"runAfter":{"Initialize_variable__-_TenantID":["Succeeded"]},"metadata":{"operationMetadataId":"4fb2b304-6d7c-407e-a2c1-782ba52b4567"},"type":"InitializeVariable","inputs":{"variables":[{"name":"theAppID","type":"string"}]}},"Initialize_variable_-_CurrentTime":{"runAfter":{},"metadata":{"operationMetadataId":"f055f473-8db7-437e-8a06-6c16fb30d620"},"type":"InitializeVariable","inputs":{"variables":[{"name":"CurrentTime","type":"string","value":"@{addDays(utcNow(),-1)}"}]}},"Apply_to_each":{"foreach":"@body('Parse_Response')","actions":{"Post_message_in_a_chat_or_channel":{"runAfter":{},"metadata":{"operationMetadataId":"7831ce1a-5385-4ada-b990-11346bf6692a"},"type":"OpenApiConnection","inputs":{"host":{"apiId":"/providers/Microsoft.PowerApps/apis/shared_teams","connectionName":"shared_teams","operationId":"PostMessageToConversation"},"parameters":{"poster":"Flow bot","location":"Channel","body/recipient/groupId":"266d33c8-1795-4657-9de3-29d61b47ad8a","body/recipient/channelId":"19:415824b699f3437ab186eabaab24bba5@thread.skype","body/messageBody":"<p><strong>Title : </strong> @{items('Apply_to_each')['title']}</p>\n<br>\n<br>\n<p><strong>Details: </strong>@{items('Apply_to_each')?['body']?['content']}</p>\n<br>\n<p><strong>Category: </strong>@{items('Apply_to_each')['category']}</p>\n<br>\n<p><strong>MC ID: </strong>@{items('Apply_to_each')['id']}</p>\n<br>\n<p><strong>Severity:</strong> @{items('Apply_to_each')['severity']}</p>\n\n"},"authentication":{"value":"@json(decodeBase64(triggerOutputs().headers['X-MS-APIM-Tokens']))['$ConnectionKey']","type":"Raw"}}}},"runAfter":{"Parse_Response":["Succeeded"]},"metadata":{"operationMetadataId":"56854d28-cf26-42c1-9e80-3fba4b3c84d8"},"type":"Foreach"},"Initialize_variable__-_TenantID":{"runAfter":{"Initialize_variable_-_CurrentTime":["Succeeded"]},"metadata":{"operationMetadataId":"e94c50c4-a54f-420a-aea9-01742d0ba59a"},"type":"InitializeVariable","inputs":{"variables":[{"name":"TenantID","type":"string"}]}}},"outputs":{}},"connectionReferences":{"shared_teams":{"connectionName":"e9bf481e332e45e8b673562d48875c61","source":"Invoker","id":"/providers/Microsoft.PowerApps/apis/shared_teams","tier":"NotSpecified"}},"flowFailureAlertSubscribed":false,"isManaged":false}}