<environmentvariabledefinition schemaname="cr3f6_MC2TeamsClientID">
  <description default="App Registration ClientID ">
    <label description="App Registration ClientID " languagecode="1033" />
  </description>
  <displayname default="MC2TeamsClientID">
    <label description="MC2TeamsClientID" languagecode="1033" />
  </displayname>
  <introducedversion>1.0.0.0</introducedversion>
  <iscustomizable>1</iscustomizable>
  <isrequired>0</isrequired>
  <secretstore>0</secretstore>
  <type>100000000</type>
</environmentvariabledefinition>