<environmentvariabledefinition schemaname="cr3f6_MC2TeamsTenantID">
  <description default="TenantID from Entra ID">
    <label description="TenantID from Entra ID" languagecode="1033" />
  </description>
  <displayname default="MC2TeamsTenantID">
    <label description="MC2TeamsTenantID" languagecode="1033" />
  </displayname>
  <introducedversion>1.0.0.0</introducedversion>
  <iscustomizable>1</iscustomizable>
  <isrequired>0</isrequired>
  <secretstore>0</secretstore>
  <type>100000000</type>
</environmentvariabledefinition>